{"cameraMode":{"drawMode":0,"name":"Shaded","section":"Shading Mode"},"sceneLighting":false,"audioPlay":false,"sceneViewState":{"showFog":true,"showMaterialUpdate":false,"showSkybox":true,"showFlares":true,"showImageEffects":true,"showParticleSystems":true},"in2DMode":false,"pivot":{"x":3.0165348052978517,"y":0.5467944145202637,"z":2.533200263977051},"rotation":{"x":0.2225416898727417,"y":-0.38470420241355898,"z":0.09606923907995224,"w":0.8907405138015747},"size":5.333223819732666,"orthographic":false}