{"cameraMode":{"drawMode":0,"name":"Shaded","section":"Shading Mode"},"sceneLighting":false,"audioPlay":false,"sceneViewState":{"showFog":true,"showMaterialUpdate":false,"showSkybox":true,"showFlares":true,"showImageEffects":true,"showParticleSystems":true},"in2DMode":false,"pivot":{"x":-0.48949670791625979,"y":2.5445716381073,"z":-0.04964637756347656},"rotation":{"x":0.2346748262643814,"y":-0.46010687947273257,"z":0.12745729088783265,"w":0.8468523025512695},"size":2.053744077682495,"orthographic":false}