{"cameraMode":{"drawMode":0,"name":"Shaded","section":"Shading Mode"},"sceneLighting":false,"audioPlay":false,"sceneViewState":{"showFog":true,"showMaterialUpdate":false,"showSkybox":true,"showFlares":true,"showImageEffects":true,"showParticleSystems":true},"in2DMode":false,"pivot":{"x":4.168844223022461,"y":-0.8651752471923828,"z":-0.3142385482788086},"rotation":{"x":0.3383471667766571,"y":0.4583745300769806,"z":-0.19436094164848329,"w":0.7986369729042053},"size":7.03737735748291,"orthographic":false}